{
    "puntos": [
        {
            "x": 195.14688110351563,
            "y": -420.07391357421877
        }
    ]
}