{
    "puntos": [
        {
            "x": -48.832366943359378,
            "y": -435.7423095703125
        }
    ]
}